<?xml version="1.0" encoding="UTF-8"?>
<project-private xmlns="http://www.netbeans.org/ns/project-private/1">
    <editor-bookmarks xmlns="http://www.netbeans.org/ns/editor-bookmarks/1"/>
    <editor-bookmarks xmlns="http://www.netbeans.org/ns/editor-bookmarks/2" lastBookmarkId="0"/>
    <open-files xmlns="http://www.netbeans.org/ns/projectui-open-files/2">
        <group>
            <file>file:/D:/Project/Mukund/Connect%20Globe/ConnectGlobeFinal/web/registerprocess.jsp</file>
            <file>file:/D:/Project/Mukund/Connect%20Globe/ConnectGlobeFinal/web/admin.jsp</file>
            <file>file:/D:/Project/Mukund/Connect%20Globe/ConnectGlobeFinal/web/delete.jsp</file>
            <file>file:/D:/Project/Mukund/Connect%20Globe/ConnectGlobeFinal/web/findname.jsp</file>
            <file>file:/D:/Project/Mukund/Connect%20Globe/ConnectGlobeFinal/web/WEB-INF/web.xml</file>
            <file>file:/D:/Project/Mukund/Connect%20Globe/ConnectGlobeFinal/web/register.jsp</file>
            <file>file:/D:/Project/Mukund/Connect%20Globe/ConnectGlobeFinal/web/index.jsp</file>
            <file>file:/D:/Project/Mukund/Connect%20Globe/ConnectGlobeFinal/web/discuss.jsp</file>
            <file>file:/D:/Project/Mukund/Connect%20Globe/ConnectGlobeFinal/src/conf/MANIFEST.MF</file>
            <file>file:/D:/Project/Mukund/Connect%20Globe/ConnectGlobeFinal/web/images/ajax-loader.gif</file>
            <file>file:/D:/Project/Mukund/Connect%20Globe/ConnectGlobeFinal/web/image/141.jpg</file>
        </group>
    </open-files>
</project-private>
